pokemon_species_id;local_language_id;name;genus\
1;6;Bisasam;Samen-Pok\'e9mon\
2;6;Bisaknosp;Samen-Pok\'e9mon\
3;6;Bisaflor;Samen-Pok\'e9mon\
4;6;Glumanda;Echsen-Pok\'e9mon\
5;6;Glutexo;Flammen-Pok\'e9mon\
6;6;Glurak;Flammen-Pok\'e9mon\
7;6;Schiggy;Minikr\'f6ten-Pok\'e9mon\
8;6;Schillok;Kr\'f6ten-Pok\'e9mon\
9;6;Turtok;Panzertier-Pok\'e9mon\
10;6;Raupy;Wurm-Pok\'e9mon\
11;6;Safcon;Kokon-Pok\'e9mon\
12;6;Smettbo;Falter-Pok\'e9mon\
13;6;Hornliu;Raupe\
14;6;Kokuna;Kokon\
15;6;Bibor;Giftbiene\
16;6;Taubsi;Kleinvogel\
17;6;Tauboga;Vogel\
18;6;Tauboss;Vogel\
19;6;Rattfratz;Maus\
20;6;Rattikarl;Maus\
21;6;Habitak;Kleinvogel\
22;6;Ibitak;Pickvogel\
23;6;Rettan;Schlange\
24;6;Arbok;Kobra\
25;6;Pikachu;Maus-Pok\'e9mon\
26;6;Raichu;Maus-Pok\'e9mon\
27;6;Sandan;Maus-Pok\'e9mon\
28;6;Sandamer;Maus-Pok\'e9mon\
29;6;Nidoran\uc0\u9792 ;Giftdorn-Pok\'e9mon\
30;6;Nidorina;Giftdorn-Pok\'e9mon\
31;6;Nidoqueen;Bohrer-Pok\'e9mon\
32;6;Nidoran\uc0\u9794 ;Giftdorn-Pok\'e9mon\
33;6;Nidorino;Giftdorn-Pok\'e9mon\
34;6;Nidoking;Bohrer-Pok\'e9mon\
35;6;Piepi;Feen-Pok\'e9mon\
36;6;Pixi;Feen-Pok\'e9mon\
37;6;Vulpix;Fuchs-Pok\'e9mon\
38;6;Vulnona;Fuchs-Pok\'e9mon\
39;6;Pummeluff;Ballon-Pok\'e9mon\
40;6;Knuddeluff;Ballon-Pok\'e9mon\
41;6;Zubat;Fledermaus-Pok\'e9mon\
42;6;Golbat;Fledermaus-Pok\'e9mon\
43;6;Myrapla;Unkraut-Pok\'e9mon\
44;6;Duflor;Unkraut-Pok\'e9mon\
45;6;Giflor;Blumen-Pok\'e9mon\
46;6;Paras;Pilz\
47;6;Parasek;Pilz\
48;6;Bluzuk;Insekt\
49;6;Omot;Giftmotte\
50;6;Digda;Maulwurf-Pok\'e9mon\
51;6;Digdri;Maulwurf-Pok\'e9mon\
52;6;Mauzi;Katzen-Pok\'e9mon\
53;6;Snobilikat;Rassekatzen-Pok\'e9mon\
54;6;Enton;Enten-Pok\'e9mon\
55;6;Entoron;Enten-Pok\'e9mon\
56;6;Menki;Schwein/Affe\
57;6;Rasaff;Schwein/Affe\
58;6;Fukano;Welpen-Pok\'e9mon\
59;6;Arkani;Legend\'e4r-Pok\'e9mon\
60;6;Quapsel;Kaulquappen-Pok\'e9mon\
61;6;Quaputzi;Kaulquappen-Pok\'e9mon\
62;6;Quappo;Kaulquappen-Pok\'e9mon\
63;6;Abra;Psi-Pok\'e9mon\
64;6;Kadabra;Psi-Pok\'e9mon\
65;6;Simsala;Psi-Pok\'e9mon\
66;6;Machollo;Kraftprotz-Pok\'e9mon\
67;6;Maschock;Kraftprotz-Pok\'e9mon\
68;6;Machomei;Kraftprotz-Pok\'e9mon\
69;6;Knofensa;Blume\
70;6;Ultrigaria;Fliegentod\
71;6;Sarzenia;Fliegentod\
72;6;Tentacha;Quallen-Pok\'e9mon\
73;6;Tentoxa;Quallen-Pok\'e9mon\
74;6;Kleinstein;Gestein\
75;6;Georok;Gestein\
76;6;Geowaz;Urgestein\
77;6;Ponita;Feuerpferd-Pok\'e9mon\
78;6;Gallopa;Feuerpferd-Pok\'e9mon\
79;6;Flegmon;Schnarcher-Pok\'e9mon\
80;6;Lahmus;Symbiose-Pok\'e9mon\
81;6;Magnetilo;Magnet-Pok\'e9mon\
82;6;Magneton;Magnet-Pok\'e9mon\
83;6;Porenta;Wildenten-Pok\'e9mon\
84;6;Dodu;Duovogel\
85;6;Dodri;Trivogel\
86;6;Jurob;Seehund\
87;6;Jugong;Seehund\
88;6;Sleima;Schlamm\
89;6;Sleimok;Schlamm\
90;6;Muschas;Muschel-Pok\'e9mon\
91;6;Austos;Muschel-Pok\'e9mon\
92;6;Nebulak;Gas-Pok\'e9mon\
93;6;Alpollo;Gas-Pok\'e9mon\
94;6;Gengar;Schatten-Pok\'e9mon\
95;6;Onix;Felsnatter-Pok\'e9mon\
96;6;Traumato;Hypnose\
97;6;Hypno;Hypnose\
98;6;Krabby;Krabben-Pok\'e9mon\
99;6;Kingler;Kneifer-Pok\'e9mon\
100;6;Voltobal;Ball\
101;6;Lektrobal;Ball\
102;6;Owei;Ei-Pok\'e9mon\
103;6;Kokowei;Palmfrucht-Pok\'e9mon\
104;6;Tragosso;Einsam-Pok\'e9mon\
105;6;Knogga;Knochenfan-Pok\'e9mon\
106;6;Kicklee;Kicker-Pok\'e9mon\
107;6;Nockchan;Puncher-Pok\'e9mon\
108;6;Schlurp;Schlecker-Pok\'e9mon\
109;6;Smogon;Giftwolken-Pok\'e9mon\
110;6;Smogmog;Giftwolken-Pok\'e9mon\
111;6;Rihorn;Stachler-Pok\'e9mon\
112;6;Rizeros;Bohrer-Pok\'e9mon\
113;6;Chaneira;Ei-Pok\'e9mon\
114;6;Tangela;Ranken-Pok\'e9mon\
115;6;Kangama;Muttertier-Pok\'e9mon\
116;6;Seeper;Drachen-Pok\'e9mon\
117;6;Seemon;Drachen-Pok\'e9mon\
118;6;Goldini;Goldfisch-Pok\'e9mon\
119;6;Golking;Goldfisch-Pok\'e9mon\
120;6;Sterndu;Sternform-Pok\'e9mon\
121;6;Starmie;Mysteri\'f6s-Pok\'e9mon\
122;6;Pantimos;Sperren-Pok\'e9mon\
123;6;Sichlor;Mantis-Pok\'e9mon\
124;6;Rossana;Humanotyp-Pok\'e9mon\
125;6;Elektek;Elektro-Pok\'e9mon\
126;6;Magmar;Brenner-Pok\'e9mon\
127;6;Pinsir;Kneifk\'e4fer-Pok\'e9mon\
128;6;Tauros;Wildbullen-Pok\'e9mon\
129;6;Karpador;Fisch-Pok\'e9mon\
130;6;Garados;Grausam-Pok\'e9mon\
131;6;Lapras;Transport-Pok\'e9mon\
132;6;Ditto;Transform-Pok\'e9mon\
133;6;Evoli;Evolutions-Pok\'e9mon\
134;6;Aquana;Blubbblasen-Pok\'e9mon\
135;6;Blitza;Blitz-Pok\'e9mon\
136;6;Flamara;Feuer-Pok\'e9mon\
137;6;Porygon;Virtuell-Pok\'e9mon\
138;6;Amonitas;Spiralen-Pok\'e9mon\
139;6;Amoroso;Spiralen-Pok\'e9mon\
140;6;Kabuto;Schaltier-Pok\'e9mon\
141;6;Kabutops;Schaltier-Pok\'e9mon\
142;6;Aerodactyl;Fossil-Pok\'e9mon\
143;6;Relaxo;Tagtr\'e4umer-Pok\'e9mon\
144;6;Arktos;Eis-Pok\'e9mon\
145;6;Zapdos;Elektro-Pok\'e9mon\
146;6;Lavados;Flammen-Pok\'e9mon\
147;6;Dratini;Drachen-Pok\'e9mon\
148;6;Dragonir;Drachen-Pok\'e9mon\
149;6;Dragoran;Drachen-Pok\'e9mon\
150;6;Mewtu;Genmutanten-Pok\'e9mon\
151;6;Mew;Neue Art-Pok\'e9mon\
152;6;Endivie;Laub\
153;6;Lorblatt;Laub\
154;6;Meganie;Kr\'e4uter\
155;6;Feurigel;Feuermaus\
156;6;Igelavar;Vulkan\
157;6;Tornupto;Vulkan\
158;6;Karnimani;Gro\'dfmaul\
159;6;Tyracroc;Gro\'dfmaul\
160;6;Impergator;Gro\'dfmaul\
161;6;Wiesor;Sp\'e4her\
162;6;Wiesenior;Langleib\
163;6;Hoothoot;Eulen-Pok\'e9mon\
164;6;Noctuh;Eulen-Pok\'e9mon\
165;6;Ledyba;F\'fcnf-Punkt\
166;6;Ledian;F\'fcnf-Punkt\
167;6;Webarak;Fadenwurf\
168;6;Ariados;Langbein\
169;6;Iksbat;Fledermaus-Pok\'e9mon\
170;6;Lampi;Angler-Pok\'e9mon\
171;6;Lanturn;Leuchten-Pok\'e9mon\
172;6;Pichu;Babymaus-Pok\'e9mon\
173;6;Pii;Sternform-Pok\'e9mon\
174;6;Fluffeluff;Ballon-Pok\'e9mon\
175;6;Togepi;Zackenball-Pok\'e9mon\
176;6;Togetic;Freuden-Pok\'e9mon\
177;6;Natu;Kleinvogel-Pok\'e9mon\
178;6;Xatu;Mystik-Pok\'e9mon\
179;6;Voltilamm;Wolle\
180;6;Waaty;Wolle\
181;6;Ampharos;Leuchte\
182;6;Blubella;Blumen-Pok\'e9mon\
183;6;Marill;Aquamaus-Pok\'e9mon\
184;6;Azumarill;Aquahasen-Pok\'e9mon\
185;6;Mogelbaum;Imitations-Pok\'e9mon\
186;6;Quaxo;Frosch-Pok\'e9mon\
187;6;Hoppspross;L\'f6wenzahn\
188;6;Hubelupf;L\'f6wenzahn\
189;6;Papungha;L\'f6wenzahn\
190;6;Griffel;Langschweif\
191;6;Sonnkern;Samen\
192;6;Sonnflora;Sonne\
193;6;Yanma;Libelle\
194;6;Felino;Fisch-Pok\'e9mon\
195;6;Morlord;Fisch-Pok\'e9mon\
196;6;Psiana;Sonnen-Pok\'e9mon\
197;6;Nachtara;Mondschein-Pok\'e9mon\
198;6;Kramurx;Finsternis\
199;6;Laschoking;Monarchen-Pok\'e9mon\
200;6;Traunfugil;Kreischer\
201;6;Icognito;Symbol\
202;6;Woingenau;Gedulds-Pok\'e9mon\
203;6;Girafarig;Langhals\
204;6;Tannza;Beutelwurm\
205;6;Forstellka;Beutelwurm\
206;6;Dummisel;Schlangen-Pok\'e9mon\
207;6;Skorgla;Flugskorpi\
208;6;Stahlos;Stahlboa-Pok\'e9mon\
209;6;Snubbull;Fee\
210;6;Granbull;Fee\
211;6;Baldorfish;Ballon-Pok\'e9mon\
212;6;Scherox;Kneifer-Pok\'e9mon\
213;6;Pottrott;Schimmel-Pok\'e9mon\
214;6;Skaraborn;Einzelhorn-Pok\'e9mon\
215;6;Sniebel;Stichklauen-Pok\'e9mon\
216;6;Teddiursa;Kleinb\'e4r\
217;6;Ursaring;Schl\'e4fer\
218;6;Schneckmag;Lava\
219;6;Magcargo;Lava\
220;6;Quiekel;Ferkel-Pok\'e9mon\
221;6;Keifel;Schwein-Pok\'e9mon\
222;6;Corasonn;Korallen-Pok\'e9mon\
223;6;Remoraid;Hochdruck-Pok\'e9mon\
224;6;Octillery;Hochdruck-Pok\'e9mon\
225;6;Botogel;Lieferanten-Pok\'e9mon\
226;6;Mantax;Flugrochen-Pok\'e9mon\
227;6;Panzaeron;Flugstahl-Pok\'e9mon\
228;6;Hunduster;Hades\
229;6;Hundemon;Hades\
230;6;Seedraking;Drachen-Pok\'e9mon\
231;6;Phanpy;Langr\'fcssel\
232;6;Donphan;Panzer\
233;6;Porygon2;Virtuell-Pok\'e9mon\
234;6;Damhirplex;Vielender\
235;6;Farbeagle;Maler\
236;6;Rabauz;Racker-Pok\'e9mon\
237;6;Kapoera;Kopfstand-Pok\'e9mon\
238;6;Kussilla;Kuss-Pok\'e9mon\
239;6;Elekid;Elektro-Pok\'e9mon\
240;6;Magby;Glutherd-Pok\'e9mon\
241;6;Miltank;Milchkuh-Pok\'e9mon\
242;6;Heiteira;Freuden-Pok\'e9mon\
243;6;Raikou;Donner-Pok\'e9mon\
244;6;Entei;Vulkan-Pok\'e9mon\
245;6;Suicune;Polarlicht-Pok\'e9mon\
246;6;Larvitar;Felshaut-Pok\'e9mon\
247;6;Pupitar;Hartschalen-Pok\'e9mon\
248;6;Despotar;Panzer-Pok\'e9mon\
249;6;Lugia;Taucher-Pok\'e9mon\
250;6;Ho-Oh;Regenbogen-Pok\'e9mon\
251;6;Celebi;Zeitreise-Pok\'e9mon\
252;6;Geckarbor;Waldgecko-Pok\'e9mon\
253;6;Reptain;Waldgecko-Pok\'e9mon\
254;6;Gewaldro;Dschungel-Pok\'e9mon\
255;6;Flemmli;K\'fcken-Pok\'e9mon\
256;6;Jungglut;Kleinhahn-Pok\'e9mon\
257;6;Lohgock;Gro\'dfbrand-Pok\'e9mon\
258;6;Hydropi;Lehmh\'fcpfer-Pok\'e9mon\
259;6;Moorabbel;Lehmh\'fcpfer-Pok\'e9mon\
260;6;Sumpex;Lehmh\'fcpfer-Pok\'e9mon\
261;6;Fiffyen;Biss\
262;6;Magnayen;Biss\
263;6;Zigzachs;Kleindachs-Pok\'e9mon\
264;6;Geradaks;Sprinter-Pok\'e9mon\
265;6;Waumpel;Wurm\
266;6;Schaloko;Kokon\
267;6;Papinella;Falter\
268;6;Panekon;Kokon\
269;6;Pudox;Giftmotte\
270;6;Loturzel;Wasserlinsen-Pok\'e9mon\
271;6;Lombrero;Frohmut-Pok\'e9mon\
272;6;Kappalores;Sorglos-Pok\'e9mon\
273;6;Samurzel;Eichelnuss-Pok\'e9mon\
274;6;Blanas;Hinterlist-Pok\'e9mon\
275;6;Tengulist;Verschlagen-Pok\'e9mon\
276;6;Schwalbini;Schw\'e4lblein\
277;6;Schwalboss;Schwalbe\
278;6;Wingull;Seem\'f6wen-Pok\'e9mon\
279;6;Pelipper;Wasservogel-Pok\'e9mon\
280;6;Trasla;Gef\'fchls-Pok\'e9mon\
281;6;Kirlia;Emotions-Pok\'e9mon\
282;6;Guardevoir;Umarmungs-Pok\'e9mon\
283;6;Gehweiher;Wassergeher\
284;6;Maskeregen;Auge\
285;6;Knilz;Pilz\
286;6;Kapilz;Pilz\
287;6;Bummelz;Faulpelz\
288;6;Muntier;Wildaffe\
289;6;Letarking;M\'fc\'dfig\
290;6;Nincada;Vorbereiter-Pok\'e9mon\
291;6;Ninjask;Ninja-Pok\'e9mon\
292;6;Ninjatom;H\'e4utungs-Pok\'e9mon\
293;6;Flurmel;Fl\'fcster-Pok\'e9mon\
294;6;Krakeelo;Lauthals-Pok\'e9mon\
295;6;Krawumms;Krach-Pok\'e9mon\
296;6;Makuhita;Courage\
297;6;Hariyama;Armwurf\
298;6;Azurill;Gepunktet-Pok\'e9mon\
299;6;Nasgnet;Kompass\
300;6;Eneco;K\'e4tzchen\
301;6;Enekoro;Eingebildet\
302;6;Zobiris;Finsternis-Pok\'e9mon\
303;6;Flunkifer;Schwindler-Pok\'e9mon\
304;6;Stollunior;Eisenpanzer-Pok\'e9mon\
305;6;Stollrak;Eisenpanzer-Pok\'e9mon\
306;6;Stolloss;Eisenpanzer-Pok\'e9mon\
307;6;Meditie;Meditation\
308;6;Meditalis;Meditation\
309;6;Frizelbliz;Gewitter-Pok\'e9mon\
310;6;Voltenso;Entladungs-Pok\'e9mon\
311;6;Plusle;Jubel\
312;6;Minun;Jubel\
313;6;Volbeat;Gl\'fchw\'fcrmchen\
314;6;Illumise;Gl\'fchw\'fcrmchen\
315;6;Roselia;Dorn-Pok\'e9mon\
316;6;Schluppuck;Magen\
317;6;Schlukwech;Giftbeutel\
318;6;Kanivanha;Gnadenlos-Pok\'e9mon\
319;6;Tohaido;Brutal-Pok\'e9mon\
320;6;Wailmer;Kugelwal-Pok\'e9mon\
321;6;Wailord;Flutwal-Pok\'e9mon\
322;6;Camaub;Taubheit\
323;6;Camerupt;Ausbruch\
324;6;Qurtel;Kohle-Pok\'e9mon\
325;6;Spoink;Sprungfeder\
326;6;Groink;Manipulator\
327;6;Pandir;Punkt-Panda\
328;6;Knacklion;Ameisenl\'f6wen-Pok\'e9mon\
329;6;Vibrava;Vibrations-Pok\'e9mon\
330;6;Libelldra;Mystik-Pok\'e9mon\
331;6;Tuska;Kaktus\
332;6;Noktuska;Vogelschock\
333;6;Wablu;Wollvogel-Pok\'e9mon\
334;6;Altaria;Summsel-Pok\'e9mon\
335;6;Sengo;Frettkatz\
336;6;Vipitis;Rei\'dfzahn\
337;6;Lunastein;Meteoriten-Pok\'e9mon\
338;6;Sonnfel;Meteoriten-Pok\'e9mon\
339;6;Schmerbe;Barthaar-Pok\'e9mon\
340;6;Welsar;Barthaar-Pok\'e9mon\
341;6;Krebscorps;Grobian-Pok\'e9mon\
342;6;Krebutack;Schlingel-Pok\'e9mon\
343;6;Puppance;Lehmpuppen-Pok\'e9mon\
344;6;Lepumentas;Lehmpuppen-Pok\'e9mon\
345;6;Liliep;Seeanemonen-Pok\'e9mon\
346;6;Wielie;Rankf\'fc\'dfer-Pok\'e9mon\
347;6;Anorith;Urgarnelen-Pok\'e9mon\
348;6;Armaldo;Schild-Pok\'e9mon\
349;6;Barschwa;Fisch-Pok\'e9mon\
350;6;Milotic;Zartheits-Pok\'e9mon\
351;6;Formeo;Wetter\
352;6;Kecleon;Farbenspiel\
353;6;Shuppet;Puppe\
354;6;Banette;Marionette\
355;6;Zwirrlicht;Requiem-Pok\'e9mon\
356;6;Zwirrklop;Wink-Pok\'e9mon\
357;6;Tropius;Obst\
358;6;Palimpalim;Windspiel\
359;6;Absol;Desaster-Pok\'e9mon\
360;6;Isso;Strahlekind-Pok\'e9mon\
361;6;Schneppke;Schneehut-Pok\'e9mon\
362;6;Firnontor;Antlitz-Pok\'e9mon\
363;6;Seemops;Applaus-Pok\'e9mon\
364;6;Seejong;Spielball-Pok\'e9mon\
365;6;Walraisa;Eisbrecher-Pok\'e9mon\
366;6;Perlu;Muschel\
367;6;Aalabyss;Tiefsee\
368;6;Saganabyss;S\'fcdsee\
369;6;Relicanth;Bestand-Pok\'e9mon\
370;6;Liebiskus;Rendezvous\
371;6;Kindwurm;Steinhaupt-Pok\'e9mon\
372;6;Draschel;Durchsteher-Pok\'e9mon\
373;6;Brutalanda;Drachen-Pok\'e9mon\
374;6;Tanhel;Eisenkugel-Pok\'e9mon\
375;6;Metang;Eisenklauen-Pok\'e9mon\
376;6;Metagross;Eisenfu\'df-Pok\'e9mon\
377;6;Regirock;Steingipfel-Pok\'e9mon\
378;6;Regice;Eisberg-Pok\'e9mon\
379;6;Registeel;Eisen-Pok\'e9mon\
380;6;Latias;\'c4on-Pok\'e9mon\
381;6;Latios;\'c4on-Pok\'e9mon\
382;6;Kyogre;Seegr\'fcndler-Pok\'e9mon\
383;6;Groudon;Kontinent-Pok\'e9mon\
384;6;Rayquaza;Himmelhoch-Pok\'e9mon\
385;6;Jirachi;W\'fcnscher-Pok\'e9mon\
386;6;Deoxys;DNS\
387;6;Chelast;Winziglaub\
388;6;Chelcarain;Hain\
389;6;Chelterrar;Kontinent\
390;6;Panflam;Schimpanse\
391;6;Panpyro;Verspielt\
392;6;Panferno;Flamme\
393;6;Plinfa;Pinguin\
394;6;Pliprin;Pinguin\
395;6;Impoleon;Kaiser\
396;6;Staralili;Star\
397;6;Staravia;Star\
398;6;Staraptor;Raubtier\
399;6;Bidiza;Dickmaus\
400;6;Bidifas;Biber\
401;6;Zirpurze;Zirper\
402;6;Zirpeise;Zirper\
403;6;Sheinux;Flacker-Pok\'e9mon\
404;6;Luxio;Funken-Pok\'e9mon\
405;6;Luxtra;Gl\'fchaugen-Pok\'e9mon\
406;6;Knospi;Knospen-Pok\'e9mon\
407;6;Roserade;Blumenstrau\'df-Pok\'e9mon\
408;6;Koknodon;Kopfsto\'df\
409;6;Rameidon;Kopfsto\'df\
410;6;Schilterus;Schutzschild\
411;6;Bollterus;Schutzschild\
412;6;Burmy;Beutelwurm\
413;6;Burmadame;Beutelwurm\
414;6;Moterpel;Motte\
415;6;Wadribie;Kleinbienen-Pok\'e9mon\
416;6;Honweisel;Bienenstock-Pok\'e9mon\
417;6;Pachirisu;Elektroh\'f6rnchen\
418;6;Bamelin;Meereswiesel\
419;6;Bojelin;Meereswiesel\
420;6;Kikugi;Kirschen-Pok\'e9mon\
421;6;Kinoso;Bl\'fcten-Pok\'e9mon\
422;6;Schalellos;Seeschnecken-Pok\'e9mon\
423;6;Gastrodon;Seeschnecken-Pok\'e9mon\
424;6;Ambidiffel;Langschweif\
425;6;Driftlon;Ballon-Pok\'e9mon\
426;6;Drifzepeli;Luftschiff-Pok\'e9mon\
427;6;Haspiror;Hasen-Pok\'e9mon\
428;6;Schlapor;Hasen-Pok\'e9mon\
429;6;Traunmagil;Magisch\
430;6;Kramshef;Anf\'fchrer\
431;6;Charmian;Fies\
432;6;Shnurgarst;Tigerkatze\
433;6;Klingplim;Gl\'f6ckchen\
434;6;Skunkapuh;Stinktier-Pok\'e9mon\
435;6;Skuntank;Stinktier-Pok\'e9mon\
436;6;Bronzel;Bronze-Pok\'e9mon\
437;6;Bronzong;Bronzeglocken-Pok\'e9mon\
438;6;Mobai;Bonsai-Pok\'e9mon\
439;6;Pantimimi;Mimen-Pok\'e9mon\
440;6;Wonneira;Spielhaus-Pok\'e9mon\
441;6;Plaudagei;Musiknote\
442;6;Kryppuk;Verboten-Pok\'e9mon\
443;6;Kaumalat;Landhai-Pok\'e9mon\
444;6;Knarksel;H\'f6hlen-Pok\'e9mon\
445;6;Knakrack;Rasanz-Pok\'e9mon\
446;6;Mampfaxo;Nimmersatt-Pok\'e9mon\
447;6;Riolu;Wellenspiel-Pok\'e9mon\
448;6;Lucario;Aura-Pok\'e9mon\
449;6;Hippopotas;Flusspferd-Pok\'e9mon\
450;6;Hippoterus;Schwergewichts-Pok\'e9mon\
451;6;Pionskora;Skorpion-Pok\'e9mon\
452;6;Piondragi;Ogerskorpion-Pok\'e9mon\
453;6;Glibunkel;Giftmund-Pok\'e9mon\
454;6;Toxiquak;Giftmund-Pok\'e9mon\
455;6;Venuflibis;K\'e4fertod\
456;6;Finneon;Fl\'fcgelfisch\
457;6;Lumineon;Neon\
458;6;Mantirps;Flugrochen-Pok\'e9mon\
459;6;Shnebedeck;Frostbaum-Pok\'e9mon\
460;6;Rexblisar;Frostbaum-Pok\'e9mon\
461;6;Snibunna;Stichklauen-Pok\'e9mon\
462;6;Magnezone;Magnetgebiets-Pok\'e9mon\
463;6;Schlurplek;Schlecker-Pok\'e9mon\
464;6;Rihornior;Bohrer-Pok\'e9mon\
465;6;Tangoloss;Ranken-Pok\'e9mon\
466;6;Elevoltek;Donnerkeil-Pok\'e9mon\
467;6;Magbrant;Detonations-Pok\'e9mon\
468;6;Togekiss;Jubilierer-Pok\'e9mon\
469;6;Yanmega;Agrion\
470;6;Folipurba;Unreif-Pok\'e9mon\
471;6;Glaziola;Neuschnee-Pok\'e9mon\
472;6;Skorgro;Zahnskorpi\
473;6;Mamutel;Doppelsto\'dfzahn-Pok\'e9mon\
474;6;Porygon-Z;Virtuell-Pok\'e9mon\
475;6;Galagladi;Klingen-Pok\'e9mon\
476;6;Voluminas;Kompass\
477;6;Zwirrfinst;Greifer-Pok\'e9mon\
478;6;Frosdedje;Schneegebiets-Pok\'e9mon\
479;6;Rotom;Plasma-Pok\'e9mon\
480;6;Selfe;Wissens-Pok\'e9mon\
481;6;Vesprit;Emotions-Pok\'e9mon\
482;6;Tobutz;Willenskraft-Pok\'e9mon\
483;6;Dialga;Zeitweilig-Pok\'e9mon\
484;6;Palkia;R\'e4umlich-Pok\'e9mon\
485;6;Heatran;Lavadom-Pok\'e9mon\
486;6;Regigigas;Kolossal-Pok\'e9mon\
487;6;Giratina;Rebellen-Pok\'e9mon\
488;6;Cresselia;Lunar-Pok\'e9mon\
489;6;Phione;Seedrift\
490;6;Manaphy;Seefahrer\
491;6;Darkrai;Dunkelnacht\
492;6;Shaymin;Dankbarkeit\
493;6;Arceus;Alpha\
494;6;Victini;Triumph-Pok\'e9mon\
495;6;Serpifeu;Grasschlange\
496;6;Efoserp;Grasschlange\
497;6;Serpiroyal;Hoheit\
498;6;Floink;Feuerferkel\
499;6;Ferkokel;Feuerferkel\
500;6;Flambirex;Feuerschwein\
501;6;Ottaro;Otter\
502;6;Zwottronin;Schulung\
503;6;Admurai;W\'fcrde\
504;6;Nagelotz;Sp\'e4her\
505;6;Kukmarda;Wachsamkeit\
506;6;Yorkleff;Welpen-Pok\'e9mon\
507;6;Terribark;Treuhund-Pok\'e9mon\
508;6;Bissbark;Gro\'dfmut-Pok\'e9mon\
509;6;Felilou;Schelm-Pok\'e9mon\
510;6;Kleoparda;Gef\'fchlsk\'e4lte-Pok\'e9mon\
511;6;Vegimak;Grasaffe\
512;6;Vegichita;Stachelaffe\
513;6;Grillmak;Hitze\
514;6;Grillchita;Funkenregen\
515;6;Sodamak;Wasserstrahl\
516;6;Sodachita;Drainage\
517;6;Somniam;Traumfresser-Pok\'e9mon\
518;6;Somnivora;Halbschlaf-Pok\'e9mon\
519;6;Dusselgurr;T\'e4ubchen-Pok\'e9mon\
520;6;Navitaub;Wildtauben-Pok\'e9mon\
521;6;Fasasnob;Stolz-Pok\'e9mon\
522;6;Elezeba;Hochspannung\
523;6;Zebritz;Donnerkeil\
524;6;Kiesling;Erdmantel-Pok\'e9mon\
525;6;Sedimantur;Erz-Pok\'e9mon\
526;6;Brockoloss;Kompressions-Pok\'e9mon\
527;6;Fleknoil;Fledermaus-Pok\'e9mon\
528;6;Fletiamo;Balz-Pok\'e9mon\
529;6;Rotomurf;Maulwurf-Pok\'e9mon\
530;6;Stalobor;Untergrund-Pok\'e9mon\
531;6;Ohrdoch;Geh\'f6r-Pok\'e9mon\
532;6;Praktibalk;Muskel-Pok\'e9mon\
533;6;Strepoli;Muskel-Pok\'e9mon\
534;6;Meistagrif;Muskel-Pok\'e9mon\
535;6;Schallquap;Kaulquappen-Pok\'e9mon\
536;6;Mebrana;Vibrations-Pok\'e9mon\
537;6;Branawarz;Vibrations-Pok\'e9mon\
538;6;Jiutesto;Judo-Pok\'e9mon\
539;6;Karadonis;Karate-Pok\'e9mon\
540;6;Strawickl;Schneider\
541;6;Folikon;Wickelblatt\
542;6;Matrifol;Kinderpflege\
543;6;Toxiped;Tausendf\'fc\'dfer-Pok\'e9mon\
544;6;Rollum;Kokonf\'fc\'dfer-Pok\'e9mon\
545;6;Cerapendra;Riesenf\'fc\'dfer-Pok\'e9mon\
546;6;Waumboll;Wattebausch-Pok\'e9mon\
547;6;Elfun;Windschatten-Pok\'e9mon\
548;6;Lilminip;Wurzel-Pok\'e9mon\
549;6;Dressella;Blumenzier-Pok\'e9mon\
550;6;Barschuft;Grobheits-Pok\'e9mon\
551;6;Ganovil;W\'fcstenkroko-Pok\'e9mon\
552;6;Rokkaiman;W\'fcstenkroko-Pok\'e9mon\
553;6;Rabigator;Abschreckungs-Pok\'e9mon\
554;6;Flampion;Lampion-Pok\'e9mon\
555;6;Flampivian;Lichterloh-Pok\'e9mon\
556;6;Maracamba;Kaktus-Pok\'e9mon\
557;6;Lithomith;Steinhaus-Pok\'e9mon\
558;6;Castellith;Felshaus-Pok\'e9mon\
559;6;Zurrokex;Hautwechsel-Pok\'e9mon\
560;6;Irokex;Halunken-Pok\'e9mon\
561;6;Symvolara;Vogelgleich-Pok\'e9mon\
562;6;Makabaja;Seelen-Pok\'e9mon\
563;6;Echnatoll;Sarkophag-Pok\'e9mon\
564;6;Galapaflos;Urzeitkr\'f6ten-Pok\'e9mon\
565;6;Karippas;Urzeitkr\'f6ten-Pok\'e9mon\
566;6;Flapteryx;Urzeitvogel-Pok\'e9mon\
567;6;Aeropteryx;Urzeitvogel-Pok\'e9mon\
568;6;Unrat\'fctox;M\'fcllt\'fcten-Pok\'e9mon\
569;6;Deponitox;M\'fcllhalden-Pok\'e9mon\
570;6;Zorua;Lausefuchs-Pok\'e9mon\
571;6;Zoroark;Polymorfuchs-Pok\'e9mon\
572;6;Picochilla;Chinchilla-Pok\'e9mon\
573;6;Chillabell;Schal-Pok\'e9mon\
574;6;Mollimorba;Glotz-Pok\'e9mon\
575;6;Hypnomorba;Manipulator-Pok\'e9mon\
576;6;Morbitesse;Gestirns-Pok\'e9mon\
577;6;Monozyto;Zellen-Pok\'e9mon\
578;6;Mitodos;Zellteilungs-Pok\'e9mon\
579;6;Zytomega;Vermehrungs-Pok\'e9mon\
580;6;Piccolente;Wasservogel\
581;6;Swaroness;Schwan\
582;6;Gelatini;Neuschnee-Pok\'e9mon\
583;6;Gelatroppo;Firn-Pok\'e9mon\
584;6;Gelatwino;Schneesturm-Pok\'e9mon\
585;6;Sesokitz;Jahreszeit\
586;6;Kronjuwild;Jahreszeit\
587;6;Emolga;Flugh\'f6rnchen-Pok\'e9mon\
588;6;Laukaps;Schnappbiss-Pok\'e9mon\
589;6;Cavalanzas;Kavallerie-Pok\'e9mon\
590;6;Tarnpignon;Pilz-Pok\'e9mon\
591;6;Hutsassa;Pilz-Pok\'e9mon\
592;6;Quabbel;Gleit-Pok\'e9mon\
593;6;Apoquallyp;Gleit-Pok\'e9mon\
594;6;Mamolida;F\'fcrsorge\
595;6;Wattzapf;Kleben-Pok\'e9mon\
596;6;Voltula;Stromspinnen-Pok\'e9mon\
597;6;Kastadur;Dornfrucht-Pok\'e9mon\
598;6;Tentantel;Dornkugel-Pok\'e9mon\
599;6;Klikk;Getriebe-Pok\'e9mon\
600;6;Kliklak;Getriebe-Pok\'e9mon\
601;6;Klikdiklak;Getriebe-Pok\'e9mon\
602;6;Zapplardin;Stromfisch\
603;6;Zapplalek;Stromfisch\
604;6;Zapplarang;Stromfisch\
605;6;Pygraulon;Grips-Pok\'e9mon\
606;6;Megalon;Grips-Pok\'e9mon\
607;6;Lichtel;Kerzen-Pok\'e9mon\
608;6;Laternecto;Lampen-Pok\'e9mon\
609;6;Skelabra;Geleit-Pok\'e9mon\
610;6;Milza;Sto\'dfzahn-Pok\'e9mon\
611;6;Sharfax;Beilkiefer-Pok\'e9mon\
612;6;Maxax;Beilkiefer-Pok\'e9mon\
613;6;Petznief;Eisschollen-Pok\'e9mon\
614;6;Siberio;Packeis-Pok\'e9mon\
615;6;Frigometri;Kristall-Pok\'e9mon\
616;6;Schnuthelm;Schnecken-Pok\'e9mon\
617;6;Hydragil;Entschalungs-Pok\'e9mon\
618;6;Flunschlik;Falle-Pok\'e9mon\
619;6;Lin-Fu;Kampfk\'fcnste-Pok\'e9mon\
620;6;Wie-Shu;Kampfk\'fcnste-Pok\'e9mon\
621;6;Shardrago;H\'f6hlen-Pok\'e9mon\
622;6;Golbit;Urgolem-Pok\'e9mon\
623;6;Golgantes;Urgolem-Pok\'e9mon\
624;6;Gladiantri;Stahlklingen-Pok\'e9mon\
625;6;Caesurio;Schwertklingen-Pok\'e9mon\
626;6;Bisofank;Kopfsto\'dfrind-Pok\'e9mon\
627;6;Geronimatz;Adlerk\'fcken-Pok\'e9mon\
628;6;Washakwil;K\'fchnheits-Pok\'e9mon\
629;6;Skallyk;Windel-Pok\'e9mon\
630;6;Grypheldis;Knochenadler-Pok\'e9mon\
631;6;Furnifra\'df;Ameisenb\'e4ren-Pok\'e9mon\
632;6;Fermicula;Eisenameisen-Pok\'e9mon\
633;6;Kapuno;Haudrauf-Pok\'e9mon\
634;6;Duodino;Grobheits-Pok\'e9mon\
635;6;Trikephalo;Brutal-Pok\'e9mon\
636;6;Ignivor;Fackel-Pok\'e9mon\
637;6;Ramoth;Sonnen-Pok\'e9mon\
638;6;Kobalium;Eisenkern-Pok\'e9mon\
639;6;Terrakium;Felsenh\'f6hlen-Pok\'e9mon\
640;6;Viridium;Wiesen-Pok\'e9mon\
641;6;Boreos;Wirbelsturm-Pok\'e9mon\
642;6;Voltolos;Torpedo-Pok\'e9mon\
643;6;Reshiram;Wahres Wei\'df-Pok\'e9mon\
644;6;Zekrom;Reines Schwarz-Pok\'e9mon\
645;6;Demeteros;Reichtums-Pok\'e9mon\
646;6;Kyurem;Schwellen-Pok\'e9mon\
647;6;Keldeo;Fohlen-Pok\'e9mon\
648;6;Meloetta;Melodie\
649;6;Genesect;Pal\'e4ozoikums-Pok\'e9mon\
650;6;Igamaro;Stachelkopf\
651;6;Igastarnish;Spitzpanzer\
652;6;Brigaron;Spitzpanzer\
653;6;Fynx;Fuchs\
654;6;Rutena;Fuchs\
655;6;Fennexis;Fuchs\
656;6;Froxy;Blubbfrosch\
657;6;Amphizel;Blubbfrosch\
658;6;Quajutsu;Ninja\
659;6;Scoppel;Baugr\'e4ber-Pok\'e9mon\
660;6;Grebbit;Baugr\'e4ber-Pok\'e9mon\
661;6;Dartiri;Rotkehlchen-Pok\'e9mon\
662;6;Dartignis;Funkenregen-Pok\'e9mon\
663;6;Fiaro;Stichflammen-Pok\'e9mon\
664;6;Purmel;Puderinsekt\
665;6;Puponcho;Puderinsekt\
666;6;Vivillon;Fl\'fcgelstaub\
667;6;Leufeo;Jungl\'f6we\
668;6;Pyroleo;Monarch\
669;6;Flab\'e9b\'e9;Einbl\'fctler\
670;6;Floette;Einbl\'fctler\
671;6;Florges;Garten\
672;6;M\'e4hikel;Ritt\
673;6;Chevrumm;Ritt\
674;6;Pam-Pam;Verspielt-Pok\'e9mon\
675;6;Pandagro;Gaunerblick-Pok\'e9mon\
676;6;Coiffwaff;Pudel\
677;6;Psiau;Z\'fcgelungs-Pok\'e9mon\
678;6;Psiaugon;Fassungs-Pok\'e9mon\
679;6;Gramokles;Klingenkraft-Pok\'e9mon\
680;6;Duokles;Klingenkraft-Pok\'e9mon\
681;6;Durengard;K\'f6nigsklingen-Pok\'e9mon\
682;6;Parfi;Parf\'fcm-Pok\'e9mon\
683;6;Parfinesse;Duft-Pok\'e9mon\
684;6;Flauschling;Zuckerwatte-Pok\'e9mon\
685;6;Sabbaione;Schlagsahne-Pok\'e9mon\
686;6;Iscalar;Rotations-Pok\'e9mon\
687;6;Calamanero;Inversions-Pok\'e9mon\
688;6;Bithora;Krallenduo-Pok\'e9mon\
689;6;Thanathora;Ballungs-Pok\'e9mon\
690;6;Algitt;Tangmimikry-Pok\'e9mon\
691;6;Tandrak;Tangmimikry-Pok\'e9mon\
692;6;Scampisto;Aquapistolen-Pok\'e9mon\
693;6;Wummer;Aquawummen-Pok\'e9mon\
694;6;Eguana;Generatoren-Pok\'e9mon\
695;6;Elezard;Generatoren-Pok\'e9mon\
696;6;Balgoras;Kronprinz-Pok\'e9mon\
697;6;Monargoras;Tyrannen-Pok\'e9mon\
698;6;Amarino;Tundra-Pok\'e9mon\
699;6;Amagarga;Tundra-Pok\'e9mon\
700;6;Feelinara;Bindungs-Pok\'e9mon\
701;6;Resladero;Wrestling-Pok\'e9mon\
702;6;Dedenne;Antennen-Pok\'e9mon\
703;6;Rocara;Edelstein-Pok\'e9mon\
704;6;Viscora;Schneckedei-Pok\'e9mon\
705;6;Viscargot;Schneckedei-Pok\'e9mon\
706;6;Viscogon;Drachen-Pok\'e9mon\
707;6;Clavion;Schl\'fcssel-Pok\'e9mon\
708;6;Paragoni;Baumstumpf-Pok\'e9mon\
709;6;Trombork;Urgeh\'f6lz-Pok\'e9mon\
710;6;Irrbis;K\'fcrbis-Pok\'e9mon\
711;6;Pumpdjinn;K\'fcrbis-Pok\'e9mon\
712;6;Arktip;Eisklumpen-Pok\'e9mon\
713;6;Arktilas;Eisberg-Pok\'e9mon\
714;6;eF-eM;Schallwellen-Pok\'e9mon\
715;6;UHaFnir;Schallwellen-Pok\'e9mon\
716;6;Xerneas;Lebens-Pok\'e9mon\
717;6;Yveltal;Zerst\'f6rungs-Pok\'e9mon\
718;6;Zygarde;Ordnungs-Pok\'e9mon\
719;6;Diancie;Edelstein-Pok\'e9mon\
720;6;Hoopa;Schabernack\
721;6;Volcanion;Dampf-Pok\'e9mon\
722;6;Bauz;Laubfl\'fcgel-Pok\'e9mon\
723;6;Arboretoss;Fl\'fcgelklingen-Pok\'e9mon\
724;6;Silvarro;Pfeilfl\'fcgel-Pok\'e9mon\
725;6;Flamiau;Feuerkatzen-Pok\'e9mon\
726;6;Miezunder;Feuerkatzen-Pok\'e9mon\
727;6;Fuegro;Fieslings-Pok\'e9mon\
728;6;Robball;Seehund-Pok\'e9mon\
729;6;Marikeck;Popsternchen-Pok\'e9mon\
730;6;Primarene;Solisten-Pok\'e9mon\
731;6;Peppeck;Specht\
732;6;Trompeck;Trompete\
733;6;Tukanon;Kanone\
734;6;Mangunior;Patrouille\
735;6;Manguspektor;Beschattung\
736;6;Mabula;Larven-Pok\'e9mon\
737;6;Akkup;Batterie-Pok\'e9mon\
738;6;Donarion;Kneifk\'e4fer-Pok\'e9mon\
739;6;Krabbox;Boxkampf\
740;6;Krawell;Fellkrabbe\
741;6;Choreogel;Tanz\
742;6;Wommel;Hummelfliegen-Pok\'e9mon\
743;6;Bandelby;Hummelfliegen-Pok\'e9mon\
744;6;Wuffels;Welpen-Pok\'e9mon\
745;6;Wolwerock;Wolfs-Pok\'e9mon\
746;6;Lusardin;Kleinfisch-Pok\'e9mon\
747;6;Garstella;Qu\'e4l-Stern-Pok\'e9mon\
748;6;Aggrostella;Qu\'e4l-Stern-Pok\'e9mon\
749;6;Pampuli;Packesel-Pok\'e9mon\
750;6;Pampross;Zugpferd-Pok\'e9mon\
751;6;Araqua;Wasserblasen-Pok\'e9mon\
752;6;Aranestro;Wasserblasen-Pok\'e9mon\
753;6;Imantis;Grassichel-Pok\'e9mon\
754;6;Mantidea;Blumensichel-Pok\'e9mon\
755;6;Bubungus;Lumineszenz-Pok\'e9mon\
756;6;Lamellux;Lumineszenz-Pok\'e9mon\
757;6;Molunk;Giftechsen-Pok\'e9mon\
758;6;Amfira;Giftechsen-Pok\'e9mon\
759;6;Velursi;Wildfang-Pok\'e9mon\
760;6;Kosturso;Kraftarme-Pok\'e9mon\
761;6;Frubberl;Obst-Pok\'e9mon\
762;6;Frubaila;Obst-Pok\'e9mon\
763;6;Fruyal;Obst-Pok\'e9mon\
764;6;Curelei;Blumenkranz-Pok\'e9mon\
765;6;Kommandutan;Weisheits-Pok\'e9mon\
766;6;Quartermak;Teamwork-Pok\'e9mon\
767;6;Rei\'dflaus;Laufschritt-Pok\'e9mon\
768;6;Tectass;R\'fcstungs-Pok\'e9mon\
769;6;Sankabuh;Sandhaufen-Pok\'e9mon\
770;6;Colossand;Sandschloss-Pok\'e9mon\
771;6;Gufa;Seegurken-Pok\'e9mon\
772;6;Typ:Null;Modifikations-Pok\'e9mon\
773;6;Amigento;Modifikations-Pok\'e9mon\
774;6;Meteno;Meteor\
775;6;Koalelu;Halbschlaf\
776;6;Tortunator;Knallkr\'f6ten-Pok\'e9mon\
777;6;Togedemaru;Einigler-Pok\'e9mon\
778;6;Mimigma;Kost\'fcmspuk-Pok\'e9mon\
779;6;Knirfish;Knirschzahn\
780;6;Sen-Long;Gelassenheits-Pok\'e9mon\
781;6;Moruda;Seetang-Pok\'e9mon\
782;6;Miniras;Schuppentier-Pok\'e9mon\
783;6;Mediras;Schuppentier-Pok\'e9mon\
784;6;Grandiras;Schuppentier-Pok\'e9mon\
785;6;Kapu-Riki;Schutzpatron-Pok\'e9mon\
786;6;Kapu-Fala;Schutzpatron-Pok\'e9mon\
787;6;Kapu-Toro;Schutzpatron-Pok\'e9mon\
788;6;Kapu-Kime;Schutzpatron-Pok\'e9mon\
789;6;Cosmog;Nebula-Pok\'e9mon\
790;6;Cosmovum;Urgestirns-Pok\'e9mon\
791;6;Solgaleo;Sonnenkreis-Pok\'e9mon\
792;6;Lunala;Mondscheiben-Pok\'e9mon\
793;6;Anego;Parasiten-Pok\'e9mon\
794;6;Masskito;Ausdehnungs-Pok\'e9mon\
795;6;Schabelle;Eleganz-Pok\'e9mon\
796;6;Voltriant;Illuminations-Pok\'e9mon\
797;6;Kaguron;Raketenstart-Pok\'e9mon\
798;6;Katagami;Schwertkunst-Pok\'e9mon\
799;6;Schlingking;Gaumenfolter-Pok\'e9mon\
800;6;Necrozma;Prisma-Pok\'e9mon\
801;6;Magearna;Fabrikats-Pok\'e9mon\
802;6;Marshadow;Dunkelwesen-Pok\'e9mon\
803;6;Venicro;Giftdorn-Pok\'e9mon\
804;6;Agoyon;Giftdorn-Pok\'e9mon\
805;6;Muramura;Steinmauer-Pok\'e9mon\
806;6;Kopplosio;Feuerwerks-Pok\'e9mon\
807;6;Zeraora;Blitzsturm-Pok\'e9mon\
808;6;Meltan;Mutter-Pok\'e9mon\
809;6;Melmetal;Mutter-Pok\'e9mon\
810;6;Chimpep;Schimpansen-Pok\'e9mon\
811;6;Chimstix;Beat-Pok\'e9mon\
812;6;Gortrom;Drummer-Pok\'e9mon\
813;6;Hopplo;Hasen-Pok\'e9mon\
814;6;Kickerlo;Hasen-Pok\'e9mon\
815;6;Liberlo;Torsch\'fctzen-Pok\'e9mon\
816;6;Memmeon;Wasserechsen-Pok\'e9mon\
817;6;Phlegleon;Wasserechsen-Pok\'e9mon\
818;6;Intelleon;Geheimagenten-Pok\'e9mon\
819;6;Raffel;Raffbacken-Pok\'e9mon\
820;6;Schlaraffel;Gierschlund-Pok\'e9mon\
821;6;Meikro;Kleinvogel-Pok\'e9mon\
822;6;Kranoviz;Kr\'e4hen-Pok\'e9mon\
823;6;Krarmor;Kr\'e4hen-Pok\'e9mon\
824;6;Sensect;Larven-Pok\'e9mon\
825;6;Keradar;Radarkuppel-Pok\'e9mon\
826;6;Maritellit;Siebensterne-Pok\'e9mon\
827;6;Kleptifux;Fuchs-Pok\'e9mon\
828;6;Gaunux;Fuchs-Pok\'e9mon\
829;6;Cottini;Blumenzier-Pok\'e9mon\
830;6;Cottomi;Baumwollzier-Pok\'e9mon\
831;6;Wolly;Schaf-Pok\'e9mon\
832;6;Zwollock;Schaf-Pok\'e9mon\
833;6;Kamehaps;Schnapp-Pok\'e9mon\
834;6;Kamalm;Biss-Pok\'e9mon\
835;6;Voldi;Welpen-Pok\'e9mon\
836;6;Bellektro;Hunde-Pok\'e9mon\
837;6;Klonkett;Kohle-Pok\'e9mon\
838;6;Wagong;Kohle-Pok\'e9mon\
839;6;Montecarbo;Kohle-Pok\'e9mon\
840;6;Knapfel;Apfelhaus-Pok\'e9mon\
841;6;Drapfel;Apfelfl\'fcgel-Pok\'e9mon\
842;6;Schlapfel;Apfelnektar-Pok\'e9mon\
843;6;Salanga;Sandschlangen-Pok\'e9mon\
844;6;Sanaconda;Sandschlangen-Pok\'e9mon\
845;6;Urgl;Schling-Pok\'e9mon\
846;6;Pikuda;Rempler-Pok\'e9mon\
847;6;Barrakiefa;Spie\'df-Pok\'e9mon\
848;6;Toxel;Baby-Pok\'e9mon\
849;6;Riffex;Punk-Pok\'e9mon\
850;6;Thermopod;Exotherm-Pok\'e9mon\
851;6;Infernopod;Exotherm-Pok\'e9mon\
852;6;Klopptopus;Balg-Pok\'e9mon\
853;6;Kaocto;Jiu-Jitsu-Pok\'e9mon\
854;6;Fatalitee;Schwarztee-Pok\'e9mon\
855;6;Mortipot;Schwarztee-Pok\'e9mon\
856;6;Brimova;Geruhsam-Pok\'e9mon\
857;6;Brimano;Ruhe-Pok\'e9mon\
858;6;Silembrim;Stille-Pok\'e9mon\
859;6;B\'e4hmon;Hinterlist-Pok\'e9mon\
860;6;Pelzebub;Schelm-Pok\'e9mon\
861;6;Olangaar;Muskelaufbau-Pok\'e9mon\
862;6;Barrikadax;Barrikaden-Pok\'e9mon\
863;6;Mauzinger;Wikinger-Pok\'e9mon\
864;6;Gorgasonn;Korallen-Pok\'e9mon\
865;6;Lauchzelot;Wildenten-Pok\'e9mon\
866;6;Pantifrost;Komiker-Pok\'e9mon\
867;6;Oghnatoll;Gram-Pok\'e9mon\
868;6;Hokumil;Sahne-Pok\'e9mon\
869;6;Pokusan;Sahne-Pok\'e9mon\
870;6;Legios;Formations-Pok\'e9mon\
871;6;Britzigel;Seeigel-Pok\'e9mon\
872;6;Snomnom;Wurm-Pok\'e9mon\
873;6;Mottineva;Eismotten-Pok\'e9mon\
874;6;Humanolith;Megalithen-Pok\'e9mon\
875;6;Kubuin;Pinguin-Pok\'e9mon\
876;6;Servol;Emotions-Pok\'e9mon\
877;6;Morpeko;Alter Ego-Pok\'e9mon\
878;6;Kupfanti;Kupferfant-Pok\'e9mon\
879;6;Patinaraja;Kupferfant-Pok\'e9mon\
880;6;Lectragon;Fossil-Pok\'e9mon\
881;6;Lecryodon;Fossil-Pok\'e9mon\
882;6;Pescragon;Fossil-Pok\'e9mon\
883;6;Pescryodon;Fossil-Pok\'e9mon\
884;6;Duraludon;Legierungs-Pok\'e9mon\
885;6;Grolldra;Missgunst-Pok\'e9mon\
886;6;Phandra;Betreuer-Pok\'e9mon\
887;6;Katapuldra;Tarnk\'fcnstler-Pok\'e9mon\
888;6;Zacian;Krieger-Pok\'e9mon\
889;6;Zamazenta;Krieger-Pok\'e9mon\
890;6;Endynalos;Giganten-Pok\'e9mon\
891;6;Dakuma;Kung-Fu-Pok\'e9mon\
892;6;Wulaosu;Kung-Fu-Pok\'e9mon\
893;6;Zarude;Finsteraffen-Pok\'e9mon\
894;6;Regieleki;Elektronen-Pok\'e9mon\
895;6;Regidrago;Drachenkugel-Pok\'e9mon\
896;6;Polaross;Wildblut-Pok\'e9mon\
897;6;Phantoross;Flinkblut-Pok\'e9mon\
898;6;Coronospa;K\'f6nigs-Pok\'e9mon\
899;6;Damythir;Vielender-Pok\'e9mon\
900;6;Axantor;Axt-Pok\'e9mon\
901;6;Ursaluna;Torf-Pok\'e9mon\
902;6;Salmagnis;Gro\'dffisch-Pok\'e9mon\
903;6;Snieboss;Kletterei-Pok\'e9mon\
904;6;Myriador;Tausenddorn-Pok\'e9mon\
905;6;Cupidos;Hassliebe-Pok\'e9mon\